"ip_address","country","url","visit_at"
3232241165,"США","/users","2018-05-15"
3232241165,"США","/users","2018-05-15"
3232241165,"США","/users","2018-05-15"
3232241165,"США","/users","2018-05-15"
3232241165,"США","/users","2018-05-15"
3232241165,"США","/users","2018-05-15"
3232241165,"США","/users","2018-05-15"
3232241165,"США","/users","2018-05-15"
3232241165,"США","/users","2018-05-15"
3232241165,"США","/users","2018-05-15"
3232241165,"США","/users","2018-05-15"
3232241165,"США","/users","2018-05-15"
3232241165,"США","/users","2018-05-15"
3232241165,"США","/users","2018-05-15"
3232241165,"США","/users","2018-05-15"
3232241165,"США","/users","2018-05-15"
3232241165,"США","/users","2018-05-15"
3232241165,"США","/users","2018-05-15"
3232235521,"Россия","/users","2017-10-30"
3232235522,"Россия","/users/2","2017-10-31"
3232235521,"Россия","/users","2017-10-30"
3232235522,"Россия","/users/2","2017-10-31"
3232235521,"Россия","/users","2017-10-30"
3232235522,"Россия","/users/2","2017-10-31"
3232235521,"Россия","/users","2017-10-30"
3232235522,"Россия","/users/2","2017-10-31"
3232235521,"Россия","/users","2017-10-30"
3232235522,"Россия","/users/2","2017-10-31"
3232235521,"Россия","/users","2017-10-30"
3232235522,"Россия","/users/2","2017-10-31"
3232235521,"Россия","/users","2017-10-30"
3232235522,"Россия","/users/2","2017-10-31"
3232235521,"Россия","/users","2017-10-30"
3232235522,"Россия","/users/2","2017-10-31"
3232235521,"Россия","/users","2017-10-30"
3232235522,"Россия","/users/2","2017-10-31"
3232235521,"Россия","/users","2017-10-30"
3232235522,"Россия","/users/2","2017-10-31"
3232235521,"Россия","/users","2017-10-30"
3232235522,"Россия","/users/2","2017-10-31"
3232235521,"Россия","/users","2017-10-30"
3232235522,"Россия","/users/2","2017-10-31"
3232235521,"Россия","/users","2017-10-30"
3232235522,"Россия","/users/2","2017-10-31"
3232235521,"Россия","/users","2017-10-30"
3232235522,"Россия","/users/2","2017-10-31"
3232235521,"Россия","/users","2017-10-30"
3232235522,"Россия","/users/2","2017-10-31"
3232235521,"Россия","/users","2017-10-30"
3232235522,"Россия","/users/2","2017-10-31"
3232235521,"Россия","/users","2017-10-30"
3232235522,"Россия","/users/2","2017-10-31"
3232235521,"Россия","/users","2017-10-30"
3232235522,"Россия","/users/2","2017-10-31"
3232235521,"Россия","/users","2017-10-30"
3232235522,"Россия","/users/2","2017-10-31"
3232235521,"Россия","/users","2017-10-30"
3232235522,"Россия","/users/2","2017-10-31"
3232235521,"Россия","/users","2017-10-30"
3232235522,"Россия","/users/2","2017-10-31"
3232235521,"Россия","/users","2017-10-30"
3232235522,"Россия","/users/2","2017-10-31"
3232235521,"Россия","/users","2017-10-30"
3232235522,"Россия","/users/2","2017-10-31"
3232235521,"Россия","/users","2017-10-30"
3232235522,"Россия","/users/2","2017-10-31"
3232235521,"Россия","/users","2017-10-30"
3232235522,"Россия","/users/2","2017-10-31"
3232235521,"Россия","/users","2017-10-30"
3232235522,"Россия","/users/2","2017-10-31"
3232235521,"Россия","/users","2017-10-30"
3232235522,"Россия","/users/2","2017-10-31"
3232235521,"Россия","/users","2017-10-30"
3232235522,"Россия","/users/2","2017-10-31"
3232235521,"Россия","/users","2017-10-30"
3232235522,"Россия","/users/2","2017-10-31"
3232235521,"Россия","/users","2017-10-30"
3232235522,"Россия","/users/2","2017-10-31"
3232235521,"Россия","/users","2017-10-30"
3232235522,"Россия","/users/2","2017-10-31"
3232235521,"Россия","/users","2017-10-30"
3232235522,"Россия","/users/2","2017-10-31"
3232235521,"Россия","/users","2017-10-30"
3232235522,"Россия","/users/2","2017-10-31"
3232235521,"Россия","/users","2017-10-30"
3232235522,"Россия","/users/2","2017-10-31"
3232235521,"Россия","/users","2017-10-30"
3232235522,"Россия","/users/2","2017-10-31"
3232241165,"Россия","/users","2018-06-12"
3232241165,"Россия","/users","2018-06-12"
3232241165,"Россия","/users","2018-06-12"
3232241165,"Россия","/users","2018-06-12"
3232241165,"Россия","/users","2018-06-12"
3232241165,"Россия","/users","2018-06-12"
3232241165,"Россия","/users","2018-06-12"
3232241165,"Россия","/users","2018-06-12"
3232241165,"Россия","/users","2018-06-12"
3232241165,"Россия","/users","2018-06-12"
3232241165,"Россия","/users","2018-06-12"
3232241165,"Россия","/users","2018-06-12"
3232241165,"Россия","/users","2018-06-12"
3232241165,"Россия","/users","2018-06-12"
3232241165,"Россия","/users","2018-06-12"
3232241165,"Россия","/users","2018-06-12"
3232241165,"Россия","/users","2018-06-12"
3232241165,"Россия","/users","2018-06-12"
3232241165,"Россия","/users","2018-06-12"
3232241165,"Россия","/users","2018-06-12"
3232241165,"Россия","/users","2018-06-12"
3232241165,"Россия","/users","2018-06-12"
3232241165,"Россия","/users","2018-06-12"
3232241165,"Россия","/users","2018-06-12"
3232241165,"Россия","/users","2018-06-12"
3232241165,"Россия","/users","2018-06-12"
3232241165,"Россия","/users","2018-06-12"
3232241165,"Россия","/users","2018-06-12"
3232241165,"Россия","/users","2018-06-12"
3232241165,"Россия","/users","2018-06-12"
3232241165,"Россия","/users","2018-06-12"
3232241165,"Россия","/users","2018-06-12"
3232241165,"Россия","/users","2018-06-12"
3232241165,"Россия","/users","2018-06-12"
3232241165,"Россия","/users","2018-06-12"
3232242189,"Украина","/users","2018-06-12"
3232242189,"Украина","/users","2018-06-12"
3232242189,"Украина","/users","2018-06-12"
3232242189,"Украина","/users","2018-06-12"
3232242189,"Украина","/users","2018-06-12"
3232242189,"Украина","/users","2018-06-12"
3232242189,"Украина","/users","2018-06-12"
3232242189,"Украина","/users","2018-06-12"
3232242189,"Украина","/users","2018-06-12"
3232242189,"Украина","/users","2018-06-12"
3232242189,"Украина","/users","2018-06-12"
3232242189,"Украина","/users","2018-06-12"
3232242189,"Украина","/users","2018-06-12"
3232235522,"Россия","/users/2","2017-11-30"
3232235522,"Россия","/users/2","2017-11-30"
3232235522,"Россия","/users/2","2017-11-30"
3232235522,"Россия","/users/2","2017-11-30"
3232235522,"Россия","/users/2","2017-11-30"
3232235522,"Россия","/users/2","2017-11-30"
3232235522,"Россия","/users/2","2017-11-30"
3232235522,"Россия","/users/2","2017-11-30"
3232235522,"Россия","/users/2","2017-11-30"
3232235522,"Россия","/users/2","2017-11-30"
3232235522,"Россия","/users/2","2017-11-30"
3232235522,"Россия","/users/2","2017-11-30"
3232235522,"Россия","/users/2","2017-11-30"
3232235522,"Россия","/users/2","2017-11-30"
3232235522,"Россия","/users/2","2017-11-30"
3232235522,"Россия","/users/2","2017-11-30"
3232235522,"Россия","/users/2","2017-11-30"
3232235522,"Россия","/users/2","2017-11-30"
3232235522,"Россия","/users/2","2017-11-30"
3232235522,"Россия","/users/2","2017-11-30"
3232235522,"Россия","/users/2","2017-11-30"
3232235522,"Россия","/users/2","2017-11-30"
3232235522,"Россия","/users/2","2017-11-30"
3232235522,"Россия","/users/2","2017-11-30"
3232235522,"Россия","/users/2","2017-11-30"
3232235522,"Россия","/users/2","2017-11-30"
3232235522,"Россия","/users/2","2017-11-30"
3232235522,"Россия","/users/2","2017-11-30"
3232235522,"Россия","/users/2","2017-11-30"
3232235522,"Россия","/users/2","2017-11-30"
3232235522,"Россия","/users/2","2017-11-30"
3232235522,"Россия","/users/2","2017-11-30"
3232235522,"Россия","/users/2","2017-11-30"
3232235522,"Россия","/users/2","2017-11-30"
3232235522,"Россия","/users/2","2017-11-30"
3232242189,"Украина","/users","2018-07-12"
3232242189,"Украина","/users","2018-07-12"
3232242189,"Украина","/users","2018-07-12"
3232242189,"Украина","/users","2018-07-12"
3232242189,"Украина","/users","2018-07-12"
3232242189,"Украина","/users","2018-07-12"
3232242189,"Украина","/users","2018-07-12"
3232242189,"Украина","/users","2018-07-12"
3232242189,"Украина","/users","2018-07-12"
3232242189,"Украина","/users","2018-07-12"
3232242189,"Украина","/users","2018-07-12"
3232242189,"Украина","/users","2018-07-12"
3232242189,"Украина","/users","2018-07-12"
3232242189,"Украина","/users","2018-07-12"
3232242189,"Украина","/users","2018-07-12"
3232242189,"Украина","/users","2018-07-12"
3232242189,"Украина","/users","2018-07-12"
3232235523,"Россия","/users","2018-01-15"
3232235523,"Россия","/users","2018-01-15"
3232235523,"Россия","/users","2018-01-15"
3232235523,"Россия","/users","2018-01-15"
3232235523,"Россия","/users","2018-01-15"
3232235523,"Россия","/users","2018-01-15"
3232235523,"Россия","/users","2018-01-15"
3232235523,"Россия","/users","2018-01-15"
3232235523,"Россия","/users","2018-01-15"
3232235523,"Россия","/users","2018-01-15"
3232235523,"Россия","/users","2018-01-15"
3232235523,"Россия","/users","2018-01-15"
3232235523,"Россия","/users","2018-01-15"
3232235523,"Россия","/users","2018-01-15"
3232235523,"Россия","/users","2018-01-15"
3232235530,"Украина","/users","2018-01-15"
3232235530,"Украина","/users","2018-01-15"
3232235530,"Украина","/users","2018-01-15"
3232235530,"Украина","/users","2018-01-15"
3232235530,"Украина","/users","2018-01-15"
3232235530,"Украина","/users","2018-01-15"
3232235530,"Украина","/users","2018-01-15"
3232235530,"Украина","/users","2018-01-15"
3232235530,"Украина","/users","2018-01-15"
3232235530,"Украина","/users","2018-01-15"
3232235530,"Украина","/users","2018-01-15"
3232235530,"Украина","/users","2018-01-15"
3232235530,"Украина","/users","2018-01-15"
3232235530,"Украина","/users","2018-01-15"
3232235530,"Украина","/users","2018-01-15"
3232235530,"Украина","/users","2018-01-15"
3232235530,"Украина","/users","2018-01-15"
3232235530,"Украина","/users","2018-01-15"
3232235530,"Украина","/users","2018-01-15"
3232235530,"Украина","/users","2018-01-15"
3232235530,"Украина","/users","2018-01-15"
3232235530,"Украина","/users","2018-01-15"
3232235530,"Украина","/users","2018-01-15"
3232235530,"Украина","/users","2018-01-15"
3232235530,"Украина","/users","2018-01-15"
3232235532,"Украина","/users","2018-01-15"
3232235532,"Украина","/users","2018-01-15"
3232235532,"Украина","/users","2018-01-15"
3232235532,"Украина","/users","2018-01-15"
3232235532,"Украина","/users","2018-01-15"
3232235532,"Украина","/users","2018-01-15"
3232235532,"Украина","/users","2018-01-15"
3232235532,"Украина","/users","2018-01-15"
3232235532,"Украина","/users","2018-01-15"
3232235532,"Украина","/users","2018-01-15"
3232235532,"Украина","/users","2018-01-15"
3232235532,"Украина","/users","2018-01-15"
3232235532,"Украина","/users","2018-01-15"
3232235532,"Украина","/users","2018-01-15"
3232235532,"Украина","/users","2018-01-15"
3232235532,"Украина","/users","2018-01-15"
3232235532,"Украина","/users","2018-01-15"
3232235532,"Украина","/users","2018-01-15"
3232235532,"Украина","/users","2018-01-15"
3232235532,"Украина","/users","2018-01-15"
3232235532,"Украина","/users","2018-01-15"
3232235532,"Украина","/users","2018-01-15"
3232235532,"Украина","/users","2018-01-15"
3232235532,"Украина","/users","2018-01-15"
3232235532,"Украина","/users","2018-01-15"
3232241164,"Казахстан","/users","2018-01-15"
3232241164,"Казахстан","/users","2018-01-15"
3232241164,"Казахстан","/users","2018-01-15"
3232241164,"Казахстан","/users","2018-01-15"
3232241164,"Казахстан","/users","2018-01-15"
3232241164,"Казахстан","/users","2018-01-15"
3232241164,"Казахстан","/users","2018-01-15"
3232242189,"Украина","/users","2018-08-12"
3232242189,"Украина","/users","2018-08-12"
3232242189,"Украина","/users","2018-08-12"
3232242189,"Украина","/users","2018-08-12"
3232242189,"Украина","/users","2018-08-12"
3232242189,"Украина","/users","2018-08-12"
3232242189,"Украина","/users","2018-08-12"
3232242189,"Украина","/users","2018-08-12"
3232242189,"Украина","/users","2018-08-12"
3232242189,"Украина","/users","2018-08-12"
3232242189,"Украина","/users","2018-08-12"
3232242189,"Украина","/users","2018-08-12"
3232242189,"Украина","/users","2018-08-12"
3232242189,"Украина","/users","2018-08-12"
3232242189,"Украина","/users","2018-08-12"
3232242189,"Украина","/users","2018-08-12"
3232242189,"Украина","/users","2018-08-12"
3232242189,"Украина","/users","2018-08-12"
3232242189,"Украина","/users","2018-08-12"
3232242189,"Украина","/users","2018-08-12"
3232242189,"Украина","/users","2018-08-12"
3232238605,"Rfpf[cnfy","/users","2018-08-12"
3232238605,"Rfpf[cnfy","/users","2018-08-12"
3232238605,"Rfpf[cnfy","/users","2018-08-12"
3232238605,"Rfpf[cnfy","/users","2018-08-12"
3232238605,"Rfpf[cnfy","/users","2018-08-12"
3232238605,"Rfpf[cnfy","/users","2018-08-12"
3232238605,"Rfpf[cnfy","/users","2018-08-12"
3232238605,"Rfpf[cnfy","/users","2018-08-12"
3232238605,"Казахстан","/users","2018-08-12"
3232238605,"Казахстан","/users","2018-08-12"
3232238605,"Казахстан","/users","2018-08-12"
3232238605,"Казахстан","/users","2018-08-12"
3232238605,"Казахстан","/users","2018-08-12"
3232238605,"Казахстан","/users","2018-08-12"
3232238605,"Казахстан","/users","2018-08-12"
3232238605,"Казахстан","/users","2018-08-12"
3232238605,"Казахстан","/users","2018-08-12"
3232238605,"Казахстан","/users","2018-08-12"
3232238605,"Казахстан","/users","2018-08-12"
3232238605,"Казахстан","/users","2018-08-12"
3232238605,"Казахстан","/users","2018-08-12"
3232238605,"Казахстан","/users","2018-08-12"
3232238605,"Казахстан","/users","2018-08-12"
3232238605,"Казахстан","/users","2018-08-12"
3232238605,"Казахстан","/users","2018-08-12"
3232238605,"Казахстан","/users","2018-08-12"
3232238605,"Казахстан","/users","2018-08-12"
3232238605,"Казахстан","/users","2018-08-12"
3232238605,"Казахстан","/users","2018-08-12"
3232238605,"Казахстан","/users","2018-08-12"
3232238605,"Казахстан","/users","2018-08-12"
3232241164,"Казахстан","/users","2018-02-15"
3232241164,"Казахстан","/users","2018-02-15"
3232241164,"Казахстан","/users","2018-02-15"
3232241164,"Казахстан","/users","2018-02-15"
3232241164,"Казахстан","/users","2018-02-15"
3232241164,"Казахстан","/users","2018-02-15"
3232241164,"Казахстан","/users","2018-02-15"
3232241164,"Казахстан","/users","2018-02-15"
3232241164,"Казахстан","/users","2018-02-15"
3232241164,"Казахстан","/users","2018-02-15"
3232241164,"Казахстан","/users","2018-02-15"
3232241164,"Казахстан","/users","2018-02-15"
3232241164,"Казахстан","/users","2018-02-15"
3232241164,"Казахстан","/users","2018-02-15"
3232241164,"Казахстан","/users","2018-02-15"
3232241164,"Казахстан","/users","2018-02-15"
3232241164,"Казахстан","/users","2018-02-15"
3232241164,"Казахстан","/users","2018-02-15"
3232241164,"Казахстан","/users","2018-02-15"
3232241164,"Казахстан","/users","2018-02-15"
3232241164,"Казахстан","/users","2018-02-15"
3232241164,"Казахстан","/users","2018-02-15"
3232241164,"Казахстан","/users","2018-02-15"
3232238605,"Казахстан","/users","2018-09-12"
3232238605,"Казахстан","/users","2018-09-12"
3232238605,"Казахстан","/users","2018-09-12"
3232238605,"Казахстан","/users","2018-09-12"
3232238605,"Казахстан","/users","2018-09-12"
3232238605,"Казахстан","/users","2018-09-12"
3232238605,"Казахстан","/users","2018-09-12"
3232238605,"Казахстан","/users","2018-09-12"
3232238605,"Казахстан","/users","2018-09-12"
3232238605,"Казахстан","/users","2018-09-12"
3232238605,"Казахстан","/users","2018-09-12"
3232238605,"Казахстан","/users","2018-09-12"
3232238605,"Казахстан","/users","2018-09-12"
3232238605,"Казахстан","/users","2018-09-12"
3232238605,"Казахстан","/users","2018-09-12"
3232238605,"Казахстан","/users","2018-09-12"
3232238605,"Казахстан","/users","2018-09-12"
3232238605,"Казахстан","/users","2018-09-12"
3232238605,"Казахстан","/users","2018-09-12"
3232238605,"Казахстан","/users","2018-09-12"
3232238605,"Казахстан","/users","2018-09-12"
3232238605,"Казахстан","/users","2018-09-12"
3232238605,"Казахстан","/users","2018-09-12"
3232238605,"Казахстан","/users","2018-09-12"
3232238605,"Казахстан","/users","2018-09-12"
3232238605,"Казахстан","/users","2018-09-12"
3232238605,"Казахстан","/users","2018-09-12"
3232238605,"Казахстан","/users","2018-09-12"
3232238605,"Казахстан","/users","2018-09-12"
3232238605,"Казахстан","/users","2018-09-12"
3232241164,"Казахстан","/users","2018-03-15"
3232241164,"Казахстан","/users","2018-03-15"
3232241164,"Казахстан","/users","2018-03-15"
3232241164,"Казахстан","/users","2018-03-15"
3232241164,"Казахстан","/users","2018-03-15"
3232241164,"Казахстан","/users","2018-03-15"
3232241164,"Казахстан","/users","2018-03-15"
3232241164,"Казахстан","/users","2018-03-15"
3232241164,"Казахстан","/users","2018-03-15"
3232241164,"Казахстан","/users","2018-03-15"
3232241164,"Казахстан","/users","2018-03-15"
3232241164,"Казахстан","/users","2018-03-15"
3232241164,"Казахстан","/users","2018-03-15"
3232241164,"Казахстан","/users","2018-03-15"
3232241164,"Казахстан","/users","2018-03-15"
3232241164,"Казахстан","/users","2018-03-15"
3232241164,"Казахстан","/users","2018-03-15"
3232241164,"Казахстан","/users","2018-03-15"
3232241164,"Казахстан","/users","2018-03-15"
3232241164,"Казахстан","/users","2018-03-15"
3232241164,"Казахстан","/users","2018-03-15"
3232241164,"Казахстан","/users","2018-03-15"
3232241164,"Казахстан","/users","2018-03-15"
3232241164,"Казахстан","/users","2018-03-15"
3232241164,"Казахстан","/users","2018-03-15"
3232241164,"Казахстан","/users","2018-03-15"
3232241164,"Казахстан","/users","2018-03-15"
3232241164,"Казахстан","/users","2018-03-15"
3232241164,"Казахстан","/users","2018-03-15"
3232241164,"Казахстан","/users","2018-03-15"
3232241164,"Казахстан","/users","2018-03-15"
3232241164,"Казахстан","/users","2018-03-15"
3232241164,"Казахстан","/users","2018-03-15"
3232241164,"Казахстан","/users","2018-03-15"
3232241164,"Казахстан","/users","2018-03-15"
3232241164,"Казахстан","/users","2018-03-15"
3232241164,"Казахстан","/users","2018-03-15"
3232241164,"Казахстан","/users","2018-03-15"
3232241164,"Казахстан","/users","2018-03-15"
3232241164,"Казахстан","/users","2018-03-15"
3232241164,"Казахстан","/users","2018-03-15"
3232241164,"Казахстан","/users","2018-03-15"
3232241164,"Казахстан","/users","2018-03-15"
3232241164,"Казахстан","/users","2018-03-15"
3232241164,"Казахстан","/users","2018-03-15"
3232241164,"Казахстан","/users","2018-03-15"
3232241164,"Казахстан","/users","2018-03-15"
3232241164,"Казахстан","/users","2018-03-15"
3232241164,"Казахстан","/users","2018-03-15"
3232235521,"Россия","/users","2018-10-30"
3232235522,"Россия","/users/2","2018-10-30"
3232238605,"Казахстан","/users","2018-10-01"
3232238605,"Казахстан","/users","2018-10-01"
3232238605,"Казахстан","/users","2018-10-01"
3232238605,"Казахстан","/users","2018-10-01"
3232238605,"Казахстан","/users","2018-10-01"
3232238605,"Казахстан","/users","2018-10-01"
3232238605,"Казахстан","/users","2018-10-01"
3232238605,"Казахстан","/users","2018-10-01"
3232238605,"Казахстан","/users","2018-10-01"
3232238605,"Казахстан","/users","2018-10-01"
3232238605,"Казахстан","/users","2018-10-01"
3232238605,"Казахстан","/users","2018-10-01"
3232238605,"Казахстан","/users","2018-10-01"
3232238605,"Казахстан","/users","2018-10-01"
3232238605,"Казахстан","/users","2018-10-01"
3232238605,"Казахстан","/users","2018-10-01"
3232238605,"Казахстан","/users","2018-10-01"
3232238605,"Казахстан","/users","2018-10-01"
3232238605,"Казахстан","/users","2018-10-01"
3232238605,"Казахстан","/users","2018-10-01"
3232238605,"Казахстан","/users","2018-10-01"
3232238605,"Казахстан","/users","2018-10-01"
3232238605,"Казахстан","/users","2018-10-01"
3232238605,"Украина","/users","2018-10-01"
3232238605,"Украина","/users","2018-10-01"
3232238605,"Украина","/users","2018-10-01"
3232238605,"Украина","/users","2018-10-01"
3232238605,"Украина","/users","2018-10-01"
3232238605,"Украина","/users","2018-10-01"
3232238605,"Украина","/users","2018-10-01"
3232238605,"Украина","/users","2018-10-01"
3232238605,"Россия","/users","2018-10-01"
3232238605,"Россия","/users","2018-10-01"
3232238605,"Россия","/users","2018-10-01"
3232238605,"Россия","/users","2018-10-01"
3232238605,"Россия","/users","2018-10-01"
3232238605,"Россия","/users","2018-10-02"
3232238605,"Россия","/users","2018-10-02"
3232238605,"Россия","/users","2018-10-02"
3232238605,"Россия","/users","2018-10-02"
3232238605,"Россия","/users","2018-10-02"
3232238605,"Россия","/users","2018-10-02"
3232238605,"Россия","/users","2018-10-02"
3232238605,"Россия","/users","2018-10-02"
3232238605,"Россия","/users","2018-10-02"
3232238605,"Россия","/users","2018-10-02"
3232238605,"Россия","/users","2018-10-02"
3232238605,"Россия","/users","2018-10-02"
3232238605,"Россия","/users","2018-10-02"
3232238605,"Россия","/users","2018-10-02"
3232238605,"Россия","/users","2018-10-02"
3232238605,"Россия","/users","2018-10-02"
3232238605,"Россия","/users","2018-10-02"
3232238605,"Россия","/users","2018-10-02"
3232238605,"Россия","/users","2018-10-02"
3232238605,"Россия","/users","2018-10-02"
3232238605,"Россия","/users","2018-10-03"
3232238605,"Россия","/users","2018-10-03"
3232238605,"Россия","/users","2018-10-03"
3232238605,"Россия","/users","2018-10-03"
3232238605,"Россия","/users","2018-10-03"
3232238605,"Россия","/users","2018-10-03"
3232238605,"Россия","/users","2018-10-03"
3232238605,"Россия","/users","2018-10-03"
3232238605,"Россия","/users","2018-10-03"
3232238605,"Россия","/users","2018-10-03"
3232238605,"Россия","/users","2018-10-03"
3232238605,"Россия","/users","2018-10-03"
3232238605,"Россия","/users","2018-10-03"
3232238605,"Россия","/users","2018-10-03"
3232238605,"Россия","/users","2018-10-03"
3232238605,"Россия","/users","2018-10-03"
3232238605,"Россия","/users","2018-10-04"
3232238605,"Россия","/users","2018-10-04"
3232238605,"Россия","/users","2018-10-04"
3232238605,"Россия","/users","2018-10-04"
3232238605,"Россия","/users","2018-10-04"
3232238605,"Россия","/users","2018-10-04"
3232238605,"Россия","/users","2018-10-04"
3232238605,"Россия","/users","2018-10-04"
3232238605,"Россия","/users","2018-10-04"
3232238605,"Россия","/users","2018-10-04"
3232238605,"Россия","/users","2018-10-04"
3232238605,"Россия","/users","2018-10-04"
3232238605,"Россия","/users","2018-10-04"
3232238605,"Россия","/users","2018-10-04"
3232238605,"Россия","/users","2018-10-04"
3232238605,"Россия","/users","2018-10-04"
3232238605,"Россия","/users","2018-10-04"
3232238605,"Россия","/users","2018-10-04"
3232238605,"Россия","/users","2018-10-04"
3232238605,"Россия","/users","2018-10-04"
3232238605,"Россия","/users","2018-10-04"
3232238605,"Россия","/users","2018-10-04"
3232238605,"Россия","/users","2018-10-04"
3232238605,"Россия","/users","2018-10-04"
3232238605,"Россия","/users","2018-10-04"
3232238605,"Россия","/users","2018-10-04"
3232238605,"Россия","/users","2018-10-04"
3232238605,"Россия","/users","2018-10-04"
3232238605,"Россия","/users","2018-10-04"
3232238605,"Россия","/users","2018-10-04"
3232238605,"Украина","/users","2018-10-04"
3232238605,"Украина","/users","2018-10-04"
3232238605,"Украина","/users","2018-10-04"
3232238605,"Украина","/users","2018-10-04"
3232238605,"Украина","/users","2018-10-04"
3232238605,"Украина","/users","2018-10-04"
3232238605,"Украина","/users","2018-10-04"
3232238605,"Украина","/users","2018-10-04"
3232238605,"Украина","/users","2018-10-04"
3232238605,"Украина","/users","2018-10-04"
3232238605,"Украина","/users","2018-10-04"
3232238605,"Украина","/users","2018-10-04"
3232238605,"Украина","/users","2018-10-04"
3232238605,"Украина","/users","2018-10-04"
3232238605,"Украина","/users","2018-10-04"
3232238605,"Украина","/users","2018-10-04"
3232238605,"Украина","/users","2018-10-04"
3232238605,"Украина","/users","2018-10-04"
3232238605,"Украина","/users","2018-10-04"
3232238605,"Украина","/users","2018-10-04"
3232238605,"Украина","/users","2018-10-04"
3232238605,"Украина","/users","2018-10-04"
3232238605,"Украина","/users","2018-10-04"
3232238605,"Украина","/users","2018-10-04"
3232238605,"Украина","/users","2018-10-04"
3232238605,"Украина","/users","2018-10-04"
3232238605,"Украина","/users","2018-10-04"
3232238605,"Украина","/users","2018-10-04"
3232238605,"Украина","/users","2018-10-04"
3232238605,"Украина","/users","2018-10-04"
3232238605,"Украина","/users","2018-10-04"
3232238605,"Украина","/users","2018-10-04"
3232238605,"Украина","/users","2018-10-04"
3232238605,"Украина","/users","2018-10-04"
3232238605,"Украина","/users","2018-10-04"
3232238605,"Украина","/users","2018-10-05"
3232238605,"Украина","/users","2018-10-05"
3232238605,"Украина","/users","2018-10-05"
3232238605,"Украина","/users","2018-10-05"
3232238605,"Украина","/users","2018-10-05"
3232238605,"Украина","/users","2018-10-05"
3232238605,"Украина","/users","2018-10-05"
3232238605,"Украина","/users","2018-10-05"
3232238605,"Украина","/users","2018-10-05"
3232238605,"Украина","/users","2018-10-05"
3232238605,"Украина","/users","2018-10-05"
3232238605,"Украина","/users","2018-10-05"
3232238605,"Украина","/users","2018-10-05"
3232238605,"Украина","/users","2018-10-05"
3232238605,"Украина","/users","2018-10-05"
3232238605,"Украина","/users","2018-10-05"
3232238605,"Украина","/users","2018-10-05"
3232238605,"Украина","/users","2018-10-05"
3232238605,"Украина","/users","2018-10-05"
3232238605,"Украина","/users","2018-10-05"
3232238605,"Украина","/users","2018-10-05"
3232238605,"Украина","/users","2018-10-05"
3232238605,"Украина","/users","2018-10-05"
3232238605,"Украина","/users","2018-10-05"
3232238605,"Украина","/users","2018-10-06"
3232238605,"Украина","/users","2018-10-06"
3232238605,"Украина","/users","2018-10-06"
3232238605,"Украина","/users","2018-10-06"
3232238605,"Украина","/users","2018-10-06"
3232238605,"Украина","/users","2018-10-06"
3232238605,"Украина","/users","2018-10-06"
3232238605,"Украина","/users","2018-10-06"
3232238605,"Украина","/users","2018-10-06"
3232238605,"Украина","/users","2018-10-06"
3232238605,"Украина","/users","2018-10-06"
3232238605,"Казахстан","/users","2018-10-06"
3232238605,"Казахстан","/users","2018-10-06"
3232238605,"Казахстан","/users","2018-10-06"
3232238605,"Казахстан","/users","2018-10-06"
3232238605,"Казахстан","/users","2018-10-06"
3232238605,"Казахстан","/users","2018-10-06"
3232238605,"Казахстан","/users","2018-10-06"
3232238605,"Казахстан","/users","2018-10-06"
3232238605,"Казахстан","/users","2018-10-06"
3232238605,"Казахстан","/users","2018-10-06"
3232238605,"Казахстан","/users","2018-10-06"
3232238605,"Казахстан","/users","2018-10-06"
3232238605,"Казахстан","/users","2018-10-06"
3232238605,"Казахстан","/users","2018-10-06"
3232238605,"Казахстан","/users","2018-10-06"
3232238605,"Казахстан","/users","2018-10-06"
3232238605,"Казахстан","/users","2018-10-07"
3232238605,"Казахстан","/users","2018-10-07"
3232238605,"Казахстан","/users","2018-10-07"
3232238605,"Казахстан","/users","2018-10-07"
3232238605,"Казахстан","/users","2018-10-07"
3232238605,"Казахстан","/users","2018-10-07"
3232238605,"Казахстан","/users","2018-10-07"
3232238605,"Казахстан","/users","2018-10-07"
3232238605,"Казахстан","/users","2018-10-07"
3232238605,"Казахстан","/users","2018-10-07"
3232238605,"Казахстан","/users","2018-10-07"
3232238605,"Казахстан","/users","2018-10-07"
3232238605,"Казахстан","/users","2018-10-07"
3232238605,"Казахстан","/users","2018-10-07"
3232238605,"Казахстан","/users","2018-10-07"
3232238605,"Казахстан","/users","2018-10-07"
3232238605,"Казахстан","/users","2018-10-07"
3232241165,"Казахстан","/users","2018-04-15"
3232241165,"Казахстан","/users","2018-04-15"
3232241165,"Казахстан","/users","2018-04-15"
3232241165,"Казахстан","/users","2018-04-15"
3232241165,"Казахстан","/users","2018-04-15"
3232241165,"Казахстан","/users","2018-04-15"
3232241165,"Казахстан","/users","2018-04-15"
3232241165,"Казахстан","/users","2018-04-15"
3232241165,"Казахстан","/users","2018-04-15"
3232241165,"Казахстан","/users","2018-04-15"
3232241165,"Казахстан","/users","2018-04-15"
3232241165,"Казахстан","/users","2018-04-15"
3232241165,"Казахстан","/users","2018-04-15"
3232241165,"Казахстан","/users","2018-04-15"
3232241165,"Казахстан","/users","2018-04-15"
3232241165,"Казахстан","/users","2018-04-15"
3232241165,"Казахстан","/users","2018-04-15"
3232241165,"Казахстан","/users","2018-04-15"
3232241165,"Казахстан","/users","2018-04-15"
3232241165,"Казахстан","/users","2018-04-15"
3232241165,"Казахстан","/users","2018-04-15"
3232241165,"Казахстан","/users","2018-04-15"
3232241165,"Казахстан","/users","2018-04-15"
3232241165,"Казахстан","/users","2018-04-15"
3232241165,"Казахстан","/users","2018-04-15"
3232241165,"Казахстан","/users","2018-04-15"
3232241165,"Казахстан","/users","2018-04-15"
3232241165,"США","/users","2018-04-15"
3232241165,"США","/users","2018-04-15"
3232241165,"США","/users","2018-04-15"
3232241165,"США","/users","2018-04-15"
3232241165,"США","/users","2018-04-15"
3232241165,"США","/users","2018-04-15"
3232241165,"США","/users","2018-04-15"
3232241165,"США","/users","2018-04-15"
3232241165,"США","/users","2018-04-15"
3232241165,"США","/users","2018-04-15"
3232241165,"США","/users","2018-04-15"
3232241165,"США","/users","2018-04-15"
3232238605,"Казахстан","/users","2018-10-07"
